Alumni,,
Asia,,
Australia,,
China,,
Climate Change,,
Community,,
Culture,,
Disability,,
Education,,
Ethics,,
Health,,
Higher Education,,
Indigenous,,
International Relations,,
Leadership,,
Mental Health,,
Research,,
Sustainability,,
Architecture,,"Faculty of Architecture, Building and Planning"
Design,,"Faculty of Architecture, Building and Planning"
Urban Planning,,"Faculty of Architecture, Building and Planning"
Architecture,,Melbourne School of Design
Design,,Melbourne School of Design
Urban Planning,,Melbourne School of Design
Architecture,,Melbourne Sustainable Society Institute
Design,,Melbourne Sustainable Society Institute
Urban Planning,,Melbourne Sustainable Society Institute
Anthropology,,Faculty of Arts
Archaeology,,Faculty of Arts
Art,,Faculty of Arts
Art History,,Faculty of Arts
Arts,,Faculty of Arts
Cinema,,Faculty of Arts
Gender,,Faculty of Arts
Governance,,Faculty of Arts
Government,,Faculty of Arts
History,,Faculty of Arts
India,,Faculty of Arts
Indonesia,,Faculty of Arts
Journalism,,Faculty of Arts
Language,,Faculty of Arts
Literature,,Faculty of Arts
Philosophy,,Faculty of Arts
Policy,,Faculty of Arts
Politics,,Faculty of Arts
Theatre,,Faculty of Arts
Business,,Faculty of Business and Economics
Economics,,Faculty of Business and Economics
Economy,,Faculty of Business and Economics
Finance,,Faculty of Business and Economics
Biomedical Engineering,,Melbourne School of Engineering
Civil Engineering,,Melbourne School of Engineering
Data,,Melbourne School of Engineering
Environmental Process Engineering,,Melbourne School of Engineering
Infrastructure Seminars,,Melbourne School of Engineering
Innovation,,Melbourne School of Engineering
Materials and Minerals Engineering,,Melbourne School of Engineering
Nano and Bioprocess Engineering,,Melbourne School of Engineering
Neuro Engineering,,Melbourne School of Engineering
Technology,,Melbourne School of Engineering
Art,,Faculty of Fine Arts and Music
Cinema,,Faculty of Fine Arts and Music
Composition,,Faculty of Fine Arts and Music
Concert,,Faculty of Fine Arts and Music
Contemporary Art,,Faculty of Fine Arts and Music
Dance,,Faculty of Fine Arts and Music
English and Theatre Studies,,Faculty of Fine Arts and Music
Ensemble,,Faculty of Fine Arts and Music
Film,,Faculty of Fine Arts and Music
Grainger Museum,,Faculty of Fine Arts and Music
Jazz,,Faculty of Fine Arts and Music
Media,,Faculty of Fine Arts and Music
Music,,Faculty of Fine Arts and Music
Performance,,Faculty of Fine Arts and Music
Production,,Faculty of Fine Arts and Music
Visual Art,,Faculty of Fine Arts and Music
Writing,,Faculty of Fine Arts and Music
Cancer,,"Faculty of Medicine, Dentistry and Health Sciences"
Medicine,,"Faculty of Medicine, Dentistry and Health Sciences"
Public Health,,"Faculty of Medicine, Dentistry and Health Sciences"
Agriculture,,Faculty of Science
Environment,,Faculty of Science
Geography,,Faculty of Science
Mathematics,,Faculty of Science
Neuroscience,,Faculty of Science
Physics,,Faculty of Science
Psychology,,Faculty of Science
Science,,Faculty of Science
Statistics,,Faculty of Science
STEM,,Faculty of Science
Governance,,Melbourne Law School
Government,,Melbourne Law School
Policy,,Melbourne Law School
Agriculture,,Faculty of Veterinary and Agricultural Sciences
Environment,,Faculty of Veterinary and Agricultural Sciences
Geography,,Faculty of Veterinary and Agricultural Sciences
Mathematics,,Faculty of Veterinary and Agricultural Sciences
Neuroscience,,Faculty of Veterinary and Agricultural Sciences
Science,,Faculty of Veterinary and Agricultural Sciences
Statistics,,Faculty of Veterinary and Agricultural Sciences
Anthropology,,Graduate School of Humanities and Social Sciences 
Archaeology,,Graduate School of Humanities and Social Sciences 
Art,,Graduate School of Humanities and Social Sciences 
Art History,,Graduate School of Humanities and Social Sciences 
Arts,,Graduate School of Humanities and Social Sciences 
Cinema,,Graduate School of Humanities and Social Sciences 
Gender,,Graduate School of Humanities and Social Sciences 
Governance,,Graduate School of Humanities and Social Sciences 
Government,,Graduate School of Humanities and Social Sciences 
History,,Graduate School of Humanities and Social Sciences 
India,,Graduate School of Humanities and Social Sciences 
Indonesia,,Graduate School of Humanities and Social Sciences 
Journalism,,Graduate School of Humanities and Social Sciences 
Language,,Graduate School of Humanities and Social Sciences 
Literature,,Graduate School of Humanities and Social Sciences 
Philosophy,,Graduate School of Humanities and Social Sciences 
Policy,,Graduate School of Humanities and Social Sciences 
Politics,,Graduate School of Humanities and Social Sciences 
Theatre,,Graduate School of Humanities and Social Sciences 
Anthropology,,School of Culture and Communication
Archaeology,,School of Culture and Communication
Art,,School of Culture and Communication
Art History,,School of Culture and Communication
Arts,,School of Culture and Communication
Cinema,,School of Culture and Communication
Gender,,School of Culture and Communication
Governance,,School of Culture and Communication
Government,,School of Culture and Communication
History,,School of Culture and Communication
India,,School of Culture and Communication
Indonesia,,School of Culture and Communication
Journalism,,School of Culture and Communication
Language,,School of Culture and Communication
Literature,,School of Culture and Communication
Philosophy,,School of Culture and Communication
Policy,,School of Culture and Communication
Politics,,School of Culture and Communication
Theatre,,School of Culture and Communication
Anthropology,,School of Historical and Philosophical Studies 
Archaeology,,School of Historical and Philosophical Studies 
Art,,School of Historical and Philosophical Studies 
Art History,,School of Historical and Philosophical Studies 
Arts,,School of Historical and Philosophical Studies 
Cinema,,School of Historical and Philosophical Studies 
Gender,,School of Historical and Philosophical Studies 
Governance,,School of Historical and Philosophical Studies 
Government,,School of Historical and Philosophical Studies 
History,,School of Historical and Philosophical Studies 
India,,School of Historical and Philosophical Studies 
Indonesia,,School of Historical and Philosophical Studies 
Journalism,,School of Historical and Philosophical Studies 
Language,,School of Historical and Philosophical Studies 
Literature,,School of Historical and Philosophical Studies 
Philosophy,,School of Historical and Philosophical Studies 
Policy,,School of Historical and Philosophical Studies 
Politics,,School of Historical and Philosophical Studies 
Theatre,,School of Historical and Philosophical Studies 
Anthropology,,School of Languages and Linguistics
Archaeology,,School of Languages and Linguistics
Art,,School of Languages and Linguistics
Art History,,School of Languages and Linguistics
Arts,,School of Languages and Linguistics
Cinema,,School of Languages and Linguistics
Gender,,School of Languages and Linguistics
Governance,,School of Languages and Linguistics
Government,,School of Languages and Linguistics
History,,School of Languages and Linguistics
India,,School of Languages and Linguistics
Indonesia,,School of Languages and Linguistics
Journalism,,School of Languages and Linguistics
Language,,School of Languages and Linguistics
Literature,,School of Languages and Linguistics
Philosophy,,School of Languages and Linguistics
Policy,,School of Languages and Linguistics
Politics,,School of Languages and Linguistics
Theatre,,School of Languages and Linguistics
Anthropology,,School of Social and Political Sciences
Archaeology,,School of Social and Political Sciences
Art,,School of Social and Political Sciences
Art History,,School of Social and Political Sciences
Arts,,School of Social and Political Sciences
Cinema,,School of Social and Political Sciences
Gender,,School of Social and Political Sciences
Governance,,School of Social and Political Sciences
Government,,School of Social and Political Sciences
History,,School of Social and Political Sciences
India,,School of Social and Political Sciences
Indonesia,,School of Social and Political Sciences
Journalism,,School of Social and Political Sciences
Language,,School of Social and Political Sciences
Literature,,School of Social and Political Sciences
Philosophy,,School of Social and Political Sciences
Policy,,School of Social and Political Sciences
Politics,,School of Social and Political Sciences
Theatre,,School of Social and Political Sciences
Anthropology,,Australian Centre
Archaeology,,Australian Centre
Art,,Australian Centre
Art History,,Australian Centre
Arts,,Australian Centre
Cinema,,Australian Centre
Gender,,Australian Centre
Governance,,Australian Centre
Government,,Australian Centre
History,,Australian Centre
India,,Australian Centre
Indonesia,,Australian Centre
Journalism,,Australian Centre
Language,,Australian Centre
Literature,,Australian Centre
Philosophy,,Australian Centre
Policy,,Australian Centre
Politics,,Australian Centre
Theatre,,Australian Centre
Anthropology,,Centre for Advancing Journalism
Archaeology,,Centre for Advancing Journalism
Art,,Centre for Advancing Journalism
Art History,,Centre for Advancing Journalism
Arts,,Centre for Advancing Journalism
Cinema,,Centre for Advancing Journalism
Gender,,Centre for Advancing Journalism
Governance,,Centre for Advancing Journalism
Government,,Centre for Advancing Journalism
History,,Centre for Advancing Journalism
India,,Centre for Advancing Journalism
Indonesia,,Centre for Advancing Journalism
Journalism,,Centre for Advancing Journalism
Language,,Centre for Advancing Journalism
Literature,,Centre for Advancing Journalism
Philosophy,,Centre for Advancing Journalism
Policy,,Centre for Advancing Journalism
Politics,,Centre for Advancing Journalism
Theatre,,Centre for Advancing Journalism
Anthropology,,Centre for Contemporary Chinese Studies
Archaeology,,Centre for Contemporary Chinese Studies
Art,,Centre for Contemporary Chinese Studies
Art History,,Centre for Contemporary Chinese Studies
Arts,,Centre for Contemporary Chinese Studies
Cinema,,Centre for Contemporary Chinese Studies
Gender,,Centre for Contemporary Chinese Studies
Governance,,Centre for Contemporary Chinese Studies
Government,,Centre for Contemporary Chinese Studies
History,,Centre for Contemporary Chinese Studies
India,,Centre for Contemporary Chinese Studies
Indonesia,,Centre for Contemporary Chinese Studies
Journalism,,Centre for Contemporary Chinese Studies
Language,,Centre for Contemporary Chinese Studies
Literature,,Centre for Contemporary Chinese Studies
Philosophy,,Centre for Contemporary Chinese Studies
Policy,,Centre for Contemporary Chinese Studies
Politics,,Centre for Contemporary Chinese Studies
Theatre,,Centre for Contemporary Chinese Studies
Anthropology,,Grimwade Centre for Cultural Materials Conservation
Archaeology,,Grimwade Centre for Cultural Materials Conservation
Art,,Grimwade Centre for Cultural Materials Conservation
Art History,,Grimwade Centre for Cultural Materials Conservation
Arts,,Grimwade Centre for Cultural Materials Conservation
Cinema,,Grimwade Centre for Cultural Materials Conservation
Gender,,Grimwade Centre for Cultural Materials Conservation
Governance,,Grimwade Centre for Cultural Materials Conservation
Government,,Grimwade Centre for Cultural Materials Conservation
History,,Grimwade Centre for Cultural Materials Conservation
India,,Grimwade Centre for Cultural Materials Conservation
Indonesia,,Grimwade Centre for Cultural Materials Conservation
Journalism,,Grimwade Centre for Cultural Materials Conservation
Language,,Grimwade Centre for Cultural Materials Conservation
Literature,,Grimwade Centre for Cultural Materials Conservation
Philosophy,,Grimwade Centre for Cultural Materials Conservation
Policy,,Grimwade Centre for Cultural Materials Conservation
Politics,,Grimwade Centre for Cultural Materials Conservation
Theatre,,Grimwade Centre for Cultural Materials Conservation
Anthropology,,National Centre of Excellence for Islamic Studies
Archaeology,,National Centre of Excellence for Islamic Studies
Art,,National Centre of Excellence for Islamic Studies
Art History,,National Centre of Excellence for Islamic Studies
Arts,,National Centre of Excellence for Islamic Studies
Cinema,,National Centre of Excellence for Islamic Studies
Gender,,National Centre of Excellence for Islamic Studies
Governance,,National Centre of Excellence for Islamic Studies
Government,,National Centre of Excellence for Islamic Studies
History,,National Centre of Excellence for Islamic Studies
India,,National Centre of Excellence for Islamic Studies
Indonesia,,National Centre of Excellence for Islamic Studies
Journalism,,National Centre of Excellence for Islamic Studies
Language,,National Centre of Excellence for Islamic Studies
Literature,,National Centre of Excellence for Islamic Studies
Philosophy,,National Centre of Excellence for Islamic Studies
Policy,,National Centre of Excellence for Islamic Studies
Politics,,National Centre of Excellence for Islamic Studies
Theatre,,National Centre of Excellence for Islamic Studies
Anthropology,,Indigenous Settler Relations Collaboration
Archaeology,,Indigenous Settler Relations Collaboration
Art,,Indigenous Settler Relations Collaboration
Art History,,Indigenous Settler Relations Collaboration
Arts,,Indigenous Settler Relations Collaboration
Cinema,,Indigenous Settler Relations Collaboration
Gender,,Indigenous Settler Relations Collaboration
Governance,,Indigenous Settler Relations Collaboration
Government,,Indigenous Settler Relations Collaboration
History,,Indigenous Settler Relations Collaboration
India,,Indigenous Settler Relations Collaboration
Indonesia,,Indigenous Settler Relations Collaboration
Journalism,,Indigenous Settler Relations Collaboration
Language,,Indigenous Settler Relations Collaboration
Literature,,Indigenous Settler Relations Collaboration
Philosophy,,Indigenous Settler Relations Collaboration
Policy,,Indigenous Settler Relations Collaboration
Politics,,Indigenous Settler Relations Collaboration
Theatre,,Indigenous Settler Relations Collaboration
Anthropology,,Human Rights and Animal Ethics Research Network
Archaeology,,Human Rights and Animal Ethics Research Network
Art,,Human Rights and Animal Ethics Research Network
Art History,,Human Rights and Animal Ethics Research Network
Arts,,Human Rights and Animal Ethics Research Network
Cinema,,Human Rights and Animal Ethics Research Network
Gender,,Human Rights and Animal Ethics Research Network
Governance,,Human Rights and Animal Ethics Research Network
Government,,Human Rights and Animal Ethics Research Network
History,,Human Rights and Animal Ethics Research Network
India,,Human Rights and Animal Ethics Research Network
Indonesia,,Human Rights and Animal Ethics Research Network
Journalism,,Human Rights and Animal Ethics Research Network
Language,,Human Rights and Animal Ethics Research Network
Literature,,Human Rights and Animal Ethics Research Network
Philosophy,,Human Rights and Animal Ethics Research Network
Policy,,Human Rights and Animal Ethics Research Network
Politics,,Human Rights and Animal Ethics Research Network
Theatre,,Human Rights and Animal Ethics Research Network
Anthropology,,Research Unit for Indigenous Language
Archaeology,,Research Unit for Indigenous Language
Art,,Research Unit for Indigenous Language
Art History,,Research Unit for Indigenous Language
Arts,,Research Unit for Indigenous Language
Cinema,,Research Unit for Indigenous Language
Gender,,Research Unit for Indigenous Language
Governance,,Research Unit for Indigenous Language
Government,,Research Unit for Indigenous Language
History,,Research Unit for Indigenous Language
India,,Research Unit for Indigenous Language
Indonesia,,Research Unit for Indigenous Language
Journalism,,Research Unit for Indigenous Language
Language,,Research Unit for Indigenous Language
Literature,,Research Unit for Indigenous Language
Philosophy,,Research Unit for Indigenous Language
Policy,,Research Unit for Indigenous Language
Politics,,Research Unit for Indigenous Language
Theatre,,Research Unit for Indigenous Language
Anthropology,,Research Unit in Public Cultures
Archaeology,,Research Unit in Public Cultures
Art,,Research Unit in Public Cultures
Art History,,Research Unit in Public Cultures
Arts,,Research Unit in Public Cultures
Cinema,,Research Unit in Public Cultures
Gender,,Research Unit in Public Cultures
Governance,,Research Unit in Public Cultures
Government,,Research Unit in Public Cultures
History,,Research Unit in Public Cultures
India,,Research Unit in Public Cultures
Indonesia,,Research Unit in Public Cultures
Journalism,,Research Unit in Public Cultures
Language,,Research Unit in Public Cultures
Literature,,Research Unit in Public Cultures
Philosophy,,Research Unit in Public Cultures
Policy,,Research Unit in Public Cultures
Politics,,Research Unit in Public Cultures
Theatre,,Research Unit in Public Cultures
Anthropology,,Asia Institute
Archaeology,,Asia Institute
Art,,Asia Institute
Art History,,Asia Institute
Arts,,Asia Institute
Cinema,,Asia Institute
Gender,,Asia Institute
Governance,,Asia Institute
Government,,Asia Institute
History,,Asia Institute
India,,Asia Institute
Indonesia,,Asia Institute
Journalism,,Asia Institute
Language,,Asia Institute
Literature,,Asia Institute
Philosophy,,Asia Institute
Policy,,Asia Institute
Politics,,Asia Institute
Theatre,,Asia Institute
Business,,Melbourne Business School
Economics,,Melbourne Business School
Economy,,Melbourne Business School
Finance,,Melbourne Business School
Business,,Department of Accounting 
Economics,,Department of Accounting 
Economy,,Department of Accounting 
Finance,,Department of Accounting 
Business,,Department of Economics
Economics,,Department of Economics
Economy,,Department of Economics
Finance,,Department of Economics
Business,,Department of Finance
Economics,,Department of Finance
Economy,,Department of Finance
Finance,,Department of Finance
Business,,Department of Management and Marketing
Economics,,Department of Management and Marketing
Economy,,Department of Management and Marketing
Finance,,Department of Management and Marketing
Business,,Department of Business Administration
Economics,,Department of Business Administration
Economy,,Department of Business Administration
Finance,,Department of Business Administration
Business,,Melbourne School of Professional and Continuing Education 
Economics,,Melbourne School of Professional and Continuing Education 
Economy,,Melbourne School of Professional and Continuing Education 
Finance,,Melbourne School of Professional and Continuing Education 
Business,,Melbourne Entrepreneurial Centre 
Economics,,Melbourne Entrepreneurial Centre 
Economy,,Melbourne Entrepreneurial Centre 
Finance,,Melbourne Entrepreneurial Centre 
Business,,Centre for Workplace Leadership
Economics,,Centre for Workplace Leadership
Economy,,Centre for Workplace Leadership
Finance,,Centre for Workplace Leadership
Business,,Melbourne Institute
Economics,,Melbourne Institute
Economy,,Melbourne Institute
Finance,,Melbourne Institute
Governance,,Melbourne School of Government
Government,,Melbourne School of Government
Policy,,Melbourne School of Government
Governance,,Asia Law Centre
Government,,Asia Law Centre
Policy,,Asia Law Centre
Governance,,Centre for Media and Communications Law
Government,,Centre for Media and Communications Law
Policy,,Centre for Media and Communications Law
Governance,,Institute for International Law and Humanities
Government,,Institute for International Law and Humanities
Policy,,Institute for International Law and Humanities
Cancer,,Melbourne Dental School 
Medicine,,Melbourne Dental School 
Public Health,,Melbourne Dental School 
Cancer,,Melbourne School of Health Sciences 
Medicine,,Melbourne School of Health Sciences 
Public Health,,Melbourne School of Health Sciences 
Cancer,,Melbourne School of Population and Global Health 
Medicine,,Melbourne School of Population and Global Health 
Public Health,,Melbourne School of Population and Global Health 
Cancer,,Melbourne School of Psychological Sciences
Medicine,,Melbourne School of Psychological Sciences
Public Health,,Melbourne School of Psychological Sciences
Cancer,,Melbourne Medical School 
Medicine,,Melbourne Medical School 
Public Health,,Melbourne Medical School 
Cancer,,School of Biomedical Sciences
Medicine,,School of Biomedical Sciences
Public Health,,School of Biomedical Sciences
Cancer,,Department of Medical Biology (Walter and Eliza Hall Institute of Medical Research)
Medicine,,Department of Medical Biology (Walter and Eliza Hall Institute of Medical Research)
Public Health,,Department of Medical Biology (Walter and Eliza Hall Institute of Medical Research)
Cancer,,Florey Department of Neuroscience and Mental Health
Medicine,,Florey Department of Neuroscience and Mental Health
Public Health,,Florey Department of Neuroscience and Mental Health
Cancer,,Sir Peter MacCallum Department of Oncology
Medicine,,Sir Peter MacCallum Department of Oncology
Public Health,,Sir Peter MacCallum Department of Oncology
Cancer,,Medical Bionics Department
Medicine,,Medical Bionics Department
Public Health,,Medical Bionics Department
Cancer,,Doherty Institute (Peter Doherty Institute for Infection and Immunity)
Medicine,,Doherty Institute (Peter Doherty Institute for Infection and Immunity)
Public Health,,Doherty Institute (Peter Doherty Institute for Infection and Immunity)
Cancer,,Melbourne Neuroscience Institute
Medicine,,Melbourne Neuroscience Institute
Public Health,,Melbourne Neuroscience Institute
Cancer,,Centre for Youth Mental Health
Medicine,,Centre for Youth Mental Health
Public Health,,Centre for Youth Mental Health
Cancer,,Melbourne Poche Centre for Indigenous Health
Medicine,,Melbourne Poche Centre for Indigenous Health
Public Health,,Melbourne Poche Centre for Indigenous Health
Cancer,,Centre for Epidemiology and Biostatistics
Medicine,,Centre for Epidemiology and Biostatistics
Public Health,,Centre for Epidemiology and Biostatistics
Cancer,,Centre for Health Equity
Medicine,,Centre for Health Equity
Public Health,,Centre for Health Equity
Cancer,,Centre for Health Policy Research
Medicine,,Centre for Health Policy Research
Public Health,,Centre for Health Policy Research
Cancer,,Centre for Mental Health
Medicine,,Centre for Mental Health
Public Health,,Centre for Mental Health
Cancer,,Nossal Institute for Global Health
Medicine,,Nossal Institute for Global Health
Public Health,,Nossal Institute for Global Health
Cancer,,Centre for Cancer Research
Medicine,,Centre for Cancer Research
Public Health,,Centre for Cancer Research
Agriculture,,School of BioSciences
Environment,,School of BioSciences
Geography,,School of BioSciences
Mathematics,,School of BioSciences
Neuroscience,,School of BioSciences
Physics,,School of BioSciences
Psychology,,School of BioSciences
Science,,School of BioSciences
Statistics,,School of BioSciences
STEM,,School of BioSciences
Agriculture,,School of Chemistry
Environment,,School of Chemistry
Geography,,School of Chemistry
Mathematics,,School of Chemistry
Neuroscience,,School of Chemistry
Physics,,School of Chemistry
Psychology,,School of Chemistry
Science,,School of Chemistry
Statistics,,School of Chemistry
STEM,,School of Chemistry
Agriculture,,School of Earth Sciences
Environment,,School of Earth Sciences
Geography,,School of Earth Sciences
Mathematics,,School of Earth Sciences
Neuroscience,,School of Earth Sciences
Physics,,School of Earth Sciences
Psychology,,School of Earth Sciences
Science,,School of Earth Sciences
Statistics,,School of Earth Sciences
STEM,,School of Earth Sciences
Agriculture,,School of Ecosystem and Forest Sciences 
Environment,,School of Ecosystem and Forest Sciences 
Geography,,School of Ecosystem and Forest Sciences 
Mathematics,,School of Ecosystem and Forest Sciences 
Neuroscience,,School of Ecosystem and Forest Sciences 
Physics,,School of Ecosystem and Forest Sciences 
Psychology,,School of Ecosystem and Forest Sciences 
Science,,School of Ecosystem and Forest Sciences 
Statistics,,School of Ecosystem and Forest Sciences 
STEM,,School of Ecosystem and Forest Sciences 
Agriculture,,School of Geography
Environment,,School of Geography
Geography,,School of Geography
Mathematics,,School of Geography
Neuroscience,,School of Geography
Physics,,School of Geography
Psychology,,School of Geography
Science,,School of Geography
Statistics,,School of Geography
STEM,,School of Geography
Agriculture,,School of Mathematics and Statistics
Environment,,School of Mathematics and Statistics
Geography,,School of Mathematics and Statistics
Mathematics,,School of Mathematics and Statistics
Neuroscience,,School of Mathematics and Statistics
Physics,,School of Mathematics and Statistics
Psychology,,School of Mathematics and Statistics
Science,,School of Mathematics and Statistics
Statistics,,School of Mathematics and Statistics
STEM,,School of Mathematics and Statistics
Agriculture,,School of Physics 
Environment,,School of Physics 
Geography,,School of Physics 
Mathematics,,School of Physics 
Neuroscience,,School of Physics 
Physics,,School of Physics 
Psychology,,School of Physics 
Science,,School of Physics 
Statistics,,School of Physics 
STEM,,School of Physics 
Agriculture,,Office for Environmental Programs
Environment,,Office for Environmental Programs
Geography,,Office for Environmental Programs
Mathematics,,Office for Environmental Programs
Neuroscience,,Office for Environmental Programs
Physics,,Office for Environmental Programs
Psychology,,Office for Environmental Programs
Science,,Office for Environmental Programs
Statistics,,Office for Environmental Programs
STEM,,Office for Environmental Programs
Agriculture,,Melbourne Integrative Genomics
Environment,,Melbourne Integrative Genomics
Geography,,Melbourne Integrative Genomics
Mathematics,,Melbourne Integrative Genomics
Neuroscience,,Melbourne Integrative Genomics
Physics,,Melbourne Integrative Genomics
Psychology,,Melbourne Integrative Genomics
Science,,Melbourne Integrative Genomics
Statistics,,Melbourne Integrative Genomics
STEM,,Melbourne Integrative Genomics
Agriculture,,Science Alumni 
Environment,,Science Alumni 
Geography,,Science Alumni 
Mathematics,,Science Alumni 
Neuroscience,,Science Alumni 
Physics,,Science Alumni 
Psychology,,Science Alumni 
Science,,Science Alumni 
Statistics,,Science Alumni 
STEM,,Science Alumni 
Agriculture,,Melbourne Veterinary School 
Environment,,Melbourne Veterinary School 
Geography,,Melbourne Veterinary School 
Mathematics,,Melbourne Veterinary School 
Neuroscience,,Melbourne Veterinary School 
Science,,Melbourne Veterinary School 
Statistics,,Melbourne Veterinary School 
Agriculture,,School of Agriculture and Food Sciences
Environment,,School of Agriculture and Food Sciences
Geography,,School of Agriculture and Food Sciences
Mathematics,,School of Agriculture and Food Sciences
Neuroscience,,School of Agriculture and Food Sciences
Science,,School of Agriculture and Food Sciences
Statistics,,School of Agriculture and Food Sciences
Agriculture,,Department of Veterinary Clinical Sciences
Environment,,Department of Veterinary Clinical Sciences
Geography,,Department of Veterinary Clinical Sciences
Mathematics,,Department of Veterinary Clinical Sciences
Neuroscience,,Department of Veterinary Clinical Sciences
Science,,Department of Veterinary Clinical Sciences
Statistics,,Department of Veterinary Clinical Sciences
Agriculture,,Department of Veterinary Biosciences
Environment,,Department of Veterinary Biosciences
Geography,,Department of Veterinary Biosciences
Mathematics,,Department of Veterinary Biosciences
Neuroscience,,Department of Veterinary Biosciences
Science,,Department of Veterinary Biosciences
Statistics,,Department of Veterinary Biosciences
Agriculture,,The University of Melbourne Veterinary Hospital
Environment,,The University of Melbourne Veterinary Hospital
Geography,,The University of Melbourne Veterinary Hospital
Mathematics,,The University of Melbourne Veterinary Hospital
Neuroscience,,The University of Melbourne Veterinary Hospital
Science,,The University of Melbourne Veterinary Hospital
Statistics,,The University of Melbourne Veterinary Hospital
Agriculture,,Melbourne Veterinary School 
Environment,,Melbourne Veterinary School 
Geography,,Melbourne Veterinary School 
Mathematics,,Melbourne Veterinary School 
Neuroscience,,Melbourne Veterinary School 
Science,,Melbourne Veterinary School 
Statistics,,Melbourne Veterinary School 
Agriculture,,School of Agriculture and Food Sciences
Environment,,School of Agriculture and Food Sciences
Geography,,School of Agriculture and Food Sciences
Mathematics,,School of Agriculture and Food Sciences
Neuroscience,,School of Agriculture and Food Sciences
Science,,School of Agriculture and Food Sciences
Statistics,,School of Agriculture and Food Sciences
Agriculture,,Department of Veterinary Clinical Sciences
Environment,,Department of Veterinary Clinical Sciences
Geography,,Department of Veterinary Clinical Sciences
Mathematics,,Department of Veterinary Clinical Sciences
Neuroscience,,Department of Veterinary Clinical Sciences
Science,,Department of Veterinary Clinical Sciences
Statistics,,Department of Veterinary Clinical Sciences
Agriculture,,Department of Veterinary Biosciences
Environment,,Department of Veterinary Biosciences
Geography,,Department of Veterinary Biosciences
Mathematics,,Department of Veterinary Biosciences
Neuroscience,,Department of Veterinary Biosciences
Science,,Department of Veterinary Biosciences
Statistics,,Department of Veterinary Biosciences
Agriculture,,The University of Melbourne Veterinary Hospital
Environment,,The University of Melbourne Veterinary Hospital
Geography,,The University of Melbourne Veterinary Hospital
Mathematics,,The University of Melbourne Veterinary Hospital
Neuroscience,,The University of Melbourne Veterinary Hospital
Science,,The University of Melbourne Veterinary Hospital
Statistics,,The University of Melbourne Veterinary Hospital
Agriculture,,Melbourne Veterinary School 
Environment,,Melbourne Veterinary School 
Geography,,Melbourne Veterinary School 
Mathematics,,Melbourne Veterinary School 
Neuroscience,,Melbourne Veterinary School 
Science,,Melbourne Veterinary School 
Statistics,,Melbourne Veterinary School 
Agriculture,,School of Agriculture and Food Sciences
Environment,,School of Agriculture and Food Sciences
Geography,,School of Agriculture and Food Sciences
Mathematics,,School of Agriculture and Food Sciences
Neuroscience,,School of Agriculture and Food Sciences
Science,,School of Agriculture and Food Sciences
Statistics,,School of Agriculture and Food Sciences
Agriculture,,Department of Veterinary Clinical Sciences
Environment,,Department of Veterinary Clinical Sciences
Geography,,Department of Veterinary Clinical Sciences
Mathematics,,Department of Veterinary Clinical Sciences
Neuroscience,,Department of Veterinary Clinical Sciences
Science,,Department of Veterinary Clinical Sciences
Statistics,,Department of Veterinary Clinical Sciences
Agriculture,,Department of Veterinary Biosciences
Environment,,Department of Veterinary Biosciences
Geography,,Department of Veterinary Biosciences
Mathematics,,Department of Veterinary Biosciences
Neuroscience,,Department of Veterinary Biosciences
Science,,Department of Veterinary Biosciences
Statistics,,Department of Veterinary Biosciences
Agriculture,,The University of Melbourne Veterinary Hospital
Environment,,The University of Melbourne Veterinary Hospital
Geography,,The University of Melbourne Veterinary Hospital
Mathematics,,The University of Melbourne Veterinary Hospital
Neuroscience,,The University of Melbourne Veterinary Hospital
Science,,The University of Melbourne Veterinary Hospital
Statistics,,The University of Melbourne Veterinary Hospital
Art,,Melbourne Conservatorium of Music 
Cinema,,Melbourne Conservatorium of Music 
Composition,,Melbourne Conservatorium of Music 
Concert,,Melbourne Conservatorium of Music 
Contemporary Art,,Melbourne Conservatorium of Music 
Dance,,Melbourne Conservatorium of Music 
English and Theatre Studies,,Melbourne Conservatorium of Music 
Ensemble,,Melbourne Conservatorium of Music 
Film,,Melbourne Conservatorium of Music 
Grainger Museum,,Melbourne Conservatorium of Music 
Jazz,,Melbourne Conservatorium of Music 
Media,,Melbourne Conservatorium of Music 
Music,,Melbourne Conservatorium of Music 
Performance,,Melbourne Conservatorium of Music 
Production,,Melbourne Conservatorium of Music 
Visual Art,,Melbourne Conservatorium of Music 
Writing,,Melbourne Conservatorium of Music 
Art,,Victorian College of the Arts
Cinema,,Victorian College of the Arts
Composition,,Victorian College of the Arts
Concert,,Victorian College of the Arts
Contemporary Art,,Victorian College of the Arts
Dance,,Victorian College of the Arts
English and Theatre Studies,,Victorian College of the Arts
Ensemble,,Victorian College of the Arts
Film,,Victorian College of the Arts
Grainger Museum,,Victorian College of the Arts
Jazz,,Victorian College of the Arts
Media,,Victorian College of the Arts
Music,,Victorian College of the Arts
Performance,,Victorian College of the Arts
Production,,Victorian College of the Arts
Visual Art,,Victorian College of the Arts
Writing,,Victorian College of the Arts
Art,,Wilin Centre for Indigenous Arts and Cultural Development
Cinema,,Wilin Centre for Indigenous Arts and Cultural Development
Composition,,Wilin Centre for Indigenous Arts and Cultural Development
Concert,,Wilin Centre for Indigenous Arts and Cultural Development
Contemporary Art,,Wilin Centre for Indigenous Arts and Cultural Development
Dance,,Wilin Centre for Indigenous Arts and Cultural Development
English and Theatre Studies,,Wilin Centre for Indigenous Arts and Cultural Development
Ensemble,,Wilin Centre for Indigenous Arts and Cultural Development
Film,,Wilin Centre for Indigenous Arts and Cultural Development
Grainger Museum,,Wilin Centre for Indigenous Arts and Cultural Development
Jazz,,Wilin Centre for Indigenous Arts and Cultural Development
Media,,Wilin Centre for Indigenous Arts and Cultural Development
Music,,Wilin Centre for Indigenous Arts and Cultural Development
Performance,,Wilin Centre for Indigenous Arts and Cultural Development
Production,,Wilin Centre for Indigenous Arts and Cultural Development
Visual Art,,Wilin Centre for Indigenous Arts and Cultural Development
Writing,,Wilin Centre for Indigenous Arts and Cultural Development
Art,,Centre of Visual Art
Cinema,,Centre of Visual Art
Composition,,Centre of Visual Art
Concert,,Centre of Visual Art
Contemporary Art,,Centre of Visual Art
Dance,,Centre of Visual Art
English and Theatre Studies,,Centre of Visual Art
Ensemble,,Centre of Visual Art
Film,,Centre of Visual Art
Grainger Museum,,Centre of Visual Art
Jazz,,Centre of Visual Art
Media,,Centre of Visual Art
Music,,Centre of Visual Art
Performance,,Centre of Visual Art
Production,,Centre of Visual Art
Visual Art,,Centre of Visual Art
Writing,,Centre of Visual Art
Art,,Margaret Lawrence Gallery
Cinema,,Margaret Lawrence Gallery
Composition,,Margaret Lawrence Gallery
Concert,,Margaret Lawrence Gallery
Contemporary Art,,Margaret Lawrence Gallery
Dance,,Margaret Lawrence Gallery
English and Theatre Studies,,Margaret Lawrence Gallery
Ensemble,,Margaret Lawrence Gallery
Film,,Margaret Lawrence Gallery
Grainger Museum,,Margaret Lawrence Gallery
Jazz,,Margaret Lawrence Gallery
Media,,Margaret Lawrence Gallery
Music,,Margaret Lawrence Gallery
Performance,,Margaret Lawrence Gallery
Production,,Margaret Lawrence Gallery
Visual Art,,Margaret Lawrence Gallery
Writing,,Margaret Lawrence Gallery
Biomedical Engineering,,School of Computing and Information Systems 
Civil Engineering,,School of Computing and Information Systems 
Data,,School of Computing and Information Systems 
Environmental Process Engineering,,School of Computing and Information Systems 
Infrastructure Seminars,,School of Computing and Information Systems 
Innovation,,School of Computing and Information Systems 
Materials and Minerals Engineering,,School of Computing and Information Systems 
Nano and Bioprocess Engineering,,School of Computing and Information Systems 
Neuro Engineering,,School of Computing and Information Systems 
Technology,,School of Computing and Information Systems 
Biomedical Engineering,,School of Chemical and Biomedical Engineering 
Civil Engineering,,School of Chemical and Biomedical Engineering 
Data,,School of Chemical and Biomedical Engineering 
Environmental Process Engineering,,School of Chemical and Biomedical Engineering 
Infrastructure Seminars,,School of Chemical and Biomedical Engineering 
Innovation,,School of Chemical and Biomedical Engineering 
Materials and Minerals Engineering,,School of Chemical and Biomedical Engineering 
Nano and Bioprocess Engineering,,School of Chemical and Biomedical Engineering 
Neuro Engineering,,School of Chemical and Biomedical Engineering 
Technology,,School of Chemical and Biomedical Engineering 
Biomedical Engineering,,"School of Electrical, Mechanical and Infrastructure Engineering "
Civil Engineering,,"School of Electrical, Mechanical and Infrastructure Engineering "
Data,,"School of Electrical, Mechanical and Infrastructure Engineering "
Environmental Process Engineering,,"School of Electrical, Mechanical and Infrastructure Engineering "
Infrastructure Seminars,,"School of Electrical, Mechanical and Infrastructure Engineering "
Innovation,,"School of Electrical, Mechanical and Infrastructure Engineering "
Materials and Minerals Engineering,,"School of Electrical, Mechanical and Infrastructure Engineering "
Nano and Bioprocess Engineering,,"School of Electrical, Mechanical and Infrastructure Engineering "
Neuro Engineering,,"School of Electrical, Mechanical and Infrastructure Engineering "
Technology,,"School of Electrical, Mechanical and Infrastructure Engineering "
